{
  "hash": "46edd01f",
  "configHash": "996f6473",
  "lockfileHash": "5e26247b",
  "browserHash": "342fa175",
  "optimized": {
    "@angular/common": {
      "src": "../../../../../../node_modules/@angular/common/fesm2022/common.mjs",
      "file": "@angular_common.js",
      "fileHash": "241b20d0",
      "needsInterop": false
    },
    "@angular/common/http": {
      "src": "../../../../../../node_modules/@angular/common/fesm2022/http.mjs",
      "file": "@angular_common_http.js",
      "fileHash": "0cbb0171",
      "needsInterop": false
    },
    "@angular/core": {
      "src": "../../../../../../node_modules/@angular/core/fesm2022/core.mjs",
      "file": "@angular_core.js",
      "fileHash": "c6ef77fe",
      "needsInterop": false
    },
    "@angular/forms": {
      "src": "../../../../../../node_modules/@angular/forms/fesm2022/forms.mjs",
      "file": "@angular_forms.js",
      "fileHash": "67dcb48b",
      "needsInterop": false
    },
    "@angular/platform-browser": {
      "src": "../../../../../../node_modules/@angular/platform-browser/fesm2022/platform-browser.mjs",
      "file": "@angular_platform-browser.js",
      "fileHash": "fb9c8e59",
      "needsInterop": false
    },
    "@angular/router": {
      "src": "../../../../../../node_modules/@angular/router/fesm2022/router.mjs",
      "file": "@angular_router.js",
      "fileHash": "72a17ffb",
      "needsInterop": false
    },
    "zone.js": {
      "src": "../../../../../../node_modules/zone.js/fesm2015/zone.js",
      "file": "zone__js.js",
      "fileHash": "9df35e1e",
      "needsInterop": true
    }
  },
  "chunks": {
    "chunk-4E52OQZP": {
      "file": "chunk-4E52OQZP.js"
    },
    "chunk-UL6UEDJV": {
      "file": "chunk-UL6UEDJV.js"
    },
    "chunk-QQB3LQUD": {
      "file": "chunk-QQB3LQUD.js"
    },
    "chunk-PSX7AJZG": {
      "file": "chunk-PSX7AJZG.js"
    },
    "chunk-IBJYUNPB": {
      "file": "chunk-IBJYUNPB.js"
    },
    "chunk-WDMUDEB6": {
      "file": "chunk-WDMUDEB6.js"
    }
  }
}